{"cameraMode":{"drawMode":0,"name":"Shaded","section":"Shading Mode"},"sceneLighting":true,"audioPlay":false,"sceneViewState":{"showFog":true,"showMaterialUpdate":false,"showSkybox":true,"showFlares":true,"showImageEffects":true,"showParticleSystems":true},"in2DMode":false,"pivot":{"x":20.62664794921875,"y":-0.14236930012702943,"z":9.87021541595459},"rotation":{"x":0.11869636178016663,"y":-0.7671895623207092,"z":0.14865806698799134,"w":0.6125633716583252},"size":0.22077327966690064,"orthographic":false}