{"cameraMode":{"drawMode":0,"name":"Shaded","section":"Shading Mode"},"sceneLighting":true,"audioPlay":false,"sceneViewState":{"showFog":true,"showMaterialUpdate":false,"showSkybox":true,"showFlares":true,"showImageEffects":true,"showParticleSystems":true},"in2DMode":false,"pivot":{"x":-0.8914932012557983,"y":-0.014976318925619126,"z":-0.30662307143211367},"rotation":{"x":0.03284657001495361,"y":-0.6078459620475769,"z":0.025178337469697,"w":0.7929777503013611},"size":1.5289909839630128,"orthographic":false}